{
  "brand": "Vivid Finish Remodeling",
  "city": "San Antonio, TX",
  "phone": "(210) 722-9189",
  "email": "realvividrei@gmail.com",
  "hero_headline": "Remodels that feel like home. Finishes that steal the show.",
  "hero_sub": "Kitchens, baths, and whole-home makeovers\u2014paired with artisan Venetian plaster accent walls.",
  "services": [
    {
      "title": "Full Home Remodeling",
      "bullets": [
        "Kitchens & bathrooms",
        "Flooring, drywall, trim",
        "Electrical & plumbing coordination"
      ]
    },
    {
      "title": "Venetian Plaster & Feature Walls",
      "bullets": [
        "Polished plaster finishes",
        "Textured lime & marble effects",
        "Custom colors & wax finishes"
      ]
    },
    {
      "title": "Interior/Exterior Painting",
      "bullets": [
        "Spray & brush/roll",
        "Cabinet refinishing",
        "Stucco & siding touch-ups"
      ]
    }
  ],
  "gallery": [
    {
      "src": "https://images.unsplash.com/photo-1505693416388-ac5ce068fe85?q=80&w=1920&auto=format&fit=crop"
    },
    {
      "src": "https://images.unsplash.com/photo-1505691723518-36a5ac3b2d91?q=80&w=1920&auto=format&fit=crop"
    },
    {
      "src": "https://images.unsplash.com/photo-1549187774-b4e9b0445b41?q=80&w=1920&auto=format&fit=crop"
    },
    {
      "src": "https://images.unsplash.com/photo-1554995207-c18c203602cb?q=80&w=1920&auto=format&fit=crop"
    }
  ]
}